{"cameraMode":{"drawMode":0,"name":"Shaded","section":"Shading Mode"},"sceneLighting":true,"audioPlay":false,"sceneViewState":{"m_AlwaysRefresh":false,"showFog":true,"showSkybox":true,"showFlares":true,"showImageEffects":true,"showParticleSystems":true,"showVisualEffectGraphs":true,"m_FxEnabled":true},"in2DMode":false,"pivot":{"x":-3.1791391372680666,"y":4.906190872192383,"z":1.8323030471801758},"rotation":{"x":-0.021206604316830636,"y":-0.9492737650871277,"z":0.30681169033050539,"w":-0.06561164557933808},"size":12.12435531616211,"orthographic":false}